model,score,n_estimators,max_depth,max_features,ccp_alpha
Random Forest & TVEC 1,0.9256705746399552,100,25,auto,0
Random Forest & TVEC 2,0.926819071788539,150,30,auto,0
Random Forest & TVEC 3,0.930549756365348,200,35,auto,0
Random Forest & TVEC 4,0.9338498188833076,200,35,auto,0
Random Forest & CVEC 1,0.8755922469490308,50,6,,0
Random Forest & CVEC 2,0.8906582512892399,100,8,,0
Random Forest & CVEC 3,0.9108898664257956,75,15,auto,0
Random Forest & CVEC 4,0.9255276175919566,150,25,auto,0
Random Forest & CVEC 5,0.9269619258415464,100,35,auto,0
